Year,AirlineName,AirlineExpense,AirlineRevenue,AirlinePassengers,OperatingIncome,YoYGrowthOperInc,YoY%DifferenceOperInc,YoY%Revenue,YoY%Expense,Operating Profit Margin,YoY%OPM,YoYPassenger
1995,American,14642381000,15610201000,79567182,967820000,,,,,0.0619992016758785,,
1995,Continental,4680825000,4919025000,35284189,238200000,,,,,0.0484242304115145,,
1995,Delta,11518849000,12557276000,86963085,1038427000,,,,,0.0826952437773925,,
1995,Northwest,7998622000,8908851000,49370005,910229000,,,,,0.102171312551978,,
1995,United,14062824000,14894761000,78807932,831937000,,,,,0.0558543369712344,,
1995,US_Airways,6750225000,6984876000,57035260,234651000,,,,,0.0335941539978662,,
1995,America_West,1407115830,1561848630,16848329,154732800,,,,,0.0990702921063482,,
1995,sub_Network,61060841830,65436838630,403875982,4375996800.00001,,,,,0.0668735973744581,,
1995,Southwest,2564934000,2873482000,50151362,308548000,,,,,0.107377738924413,,
1995,jetBlue,0,0,0,0,,,,,0,,
1995,AirTran,0,0,497599,0,,,,,0,,
1995,Frontier,64428420,55850340,611451,-8578080,,,,,-0.153590470532498,,
1995,Virgin_America,0,0,0,0,,,,,0,,
1995,sub_LCC,2629362420,2929332340,51260412,299969920,,,,,0.102402146695311,,
1995,Alaska,1090454000,1162878000,10139128,72424000,,,,,0.0622799640203014,,
1995,Hawaiian,348964520,346904030,4926466,-2060489.99999988,,,,,-0.00593965426115079,,
1995,Spirit,49144810,53611670,678005,4466860,,,,,0.083318799806087,,
1995,Allegiant,0,0,0,0,,,,,0,,
1995,sub_Other,1488563330,1563393700,15743599,74830370.0000002,,,,,0.047864060089279,,
1996,American,13805158000,15136003000,79387628,1330845000,363025000,0.375095575623566,-0.0303774435703935,-0.0571780641413442,0.0879257885982184,0.418176141329687,-0.00225663389712608
1996,Continental,5092729000,5487150000,35984116,394421000,156221000,0.655839630562552,0.115495448793206,0.0879981627170424,0.0718808488924123,0.484398374151966,0.0198368453360229
1996,Delta,12746582000,13317693000,97268562,571111000,-467316000,-0.450022967430546,0.0605558880763631,0.106584694356181,0.0428836285684015,-0.48142569500321,0.118504041111237
1996,Northwest,8643457000,9751383000,52722136,1107926000,197697000,0.217194793837595,0.0945724650687277,0.0806182614955426,0.113617319717624,0.112027602266761,0.0678981296436976
1996,United,15186525000,16316749000,81944830,1130224000,298287000.000002,0.358545178300763,0.0954690041686471,0.0799057856373656,0.0692677199361222,0.240149354414427,0.0398043435526262
1996,US_Airways,7335389000,7704057000,56894285,368668000,134017000,0.571133300092478,0.102962600910882,0.0866880733605176,0.0478537477072145,0.424466522069702,-0.00247171661880738
1996,America_West,1683146590,1751812890,18178063,68666300,-86066499.9999998,-0.556226604831037,0.121627830220653,0.196167759693244,0.0391972797962458,-0.604348801614827,0.0789237911961477
1996,sub_Network,64492986590,69464847890,422379620,4971861300,595864499.999992,0.136166575807366,0.0615556824616115,0.0562086053375331,0.0715737736570461,0.0702844839686049,0.0458151482748979
1996,Southwest,3057632000,3407361000,55490793,349729000,41181000,0.133467078055926,0.185795143313931,0.192089932918352,0.102639256597701,-0.0441290939274413,0.106466320894735
1996,jetBlue,0,0,0,0,0,0,0,0,0,0,0
1996,AirTran,0,0,1075371,0,0,0,0,0,0,0,1.16111969678396
1996,Frontier,118401050,109511360,1283378,-8889690,-311610,-0.0363263107828325,0.96080023863776,0.837714629661879,-0.0811759620189175,0.471477874001685,1.09890571771082
1996,Virgin_America,0,0,0,0,0,0,0,0,0,0,0
1996,sub_LCC,3176033050,3516872360,57849542,340839310,40869390,0.136244960828072,0.200571308341204,0.207909957882489,0.0969154621238514,-0.0535797807812093,0.128542275469811
1996,Alaska,1225930000,1306621000,11804938,80691000,8267000,0.114147244007511,0.12360969938377,0.124238161352978,0.0617554746173527,-0.0084214789009462,0.164295193827319
1996,Hawaiian,382562150,384472780,5340302,1910629.99999988,3971119.99999976,1.92726972710374,0.108297242900291,0.0962780686128209,0.00496948054424004,1.83666158428508,0.0840026095785498
1996,Spirit,66162540,62742170,750007,-3420370.00000001,-7887230.00000001,-1.7657213344497,0.170308069120026,0.346277256947377,-0.0545146908371197,-1.65429039981367,0.106196856955332
1996,Allegiant,0,0,0,0,0,0,0,0,0,0,0
1996,sub_Other,1674654690,1753835950,17895247,79181260,4350889.99999976,0.0581433714680249,0.121813366652302,0.125014069774243,0.0451474723163247,-0.056756317117419,0.136668115086011
1997,American,14408792000,15855804000,81138330,1447012000,116167000,0.0872881515127607,0.0475555534707545,0.0437252510981765,0.0912607143731091,0.0379288696531314,0.0220525797798115
1997,Continental,5716169000,6360742000,38965779,644573000,250152000,0.634225865255653,0.159206874242549,0.122417666441705,0.101336133425943,0.409779308221833,0.0828605321303433
1997,Delta,12582662000,14203939000,103207867,1621277000,1050166000,1.83881242000242,0.0665465107207382,-0.012859918054895,0.114142774057253,1.66168647261716,0.0610608903624997
1997,Northwest,8780475000,9983693000,54704317,1203218000,95292000,0.0860093544153671,0.0238232874249735,0.0158522220912304,0.120518329239491,0.0607390628384692,0.0375967506324099
1997,United,16109679000,17335185000,84247098,1225506000,95281999.9999981,0.084303642463793,0.0624166002676145,0.0607877048896966,0.0706947171316603,0.0206011861925588,0.0280953417073414
1997,US_Airways,7915335000,8501485000,58814445,586150000.000001,217482000.000001,0.58991287554114,0.103507541545967,0.0790613831113796,0.0689467781217047,0.440781159785949,0.0337496112307238
1997,America_West,1724562130,1887135430,18331351,162573300,93907000,1.36758497254112,0.077247142530159,0.024606020798224,0.0861481891630852,1.19781039936695,0.00843258162324556
1997,sub_Network,67237674130,74127983430,439409187,6890309300.00002,1918448000.00002,0.385861126093766,0.0671294285043888,0.0425579227311759,0.0929515276306771,0.298681386789312,0.0403181550284079
1997,Southwest,3292675000,3816997000,51669196,524322000,174593000,0.499223684624381,0.120220898225929,0.0768709249510733,0.137365054256003,0.338328616256553,-0.0688690284170205
1997,jetBlue,0,0,0,0,0,0,0,0,0,0,0
1997,AirTran,118018230,105597460,1085288,-12420770,-12420770,0,0,0,-0.1176237572381,0,0.00922193363964622
1997,Frontier,157875450,138323250,1278127,-19552200,-10662510,-1.19942427688705,0.263094988501649,0.333395692014555,-0.1413515081521,-0.741297603829558,-0.00409154590463605
1997,Virgin_America,0,0,0,0,0,0,0,0,0,0,0
1997,sub_LCC,3568568680,4060917710,54032611,492349030,151509720,0.444519500993003,0.154695790551807,0.123593055809038,0.121240829083434,0.250995727890109,-0.0659803149349045
1997,Alaska,1324356000,1457429000,12283258,133073000,52382000,0.649167813015082,0.115418319466777,0.080286802672257,0.0913066777180912,0.478519569055906,0.0405186372008053
1997,Hawaiian,402392220,404216360,5188656,1824140.00000012,-86489.9999997616,-0.0452677912519781,0.0513523480127777,0.0518348979374982,0.0045127812243921,-0.0919008165505914,-0.028396521395232
1997,Spirit,79236070,81085870,1093321,1849800,5270170.00000001,1.54081868335882,0.292366362209021,0.197597159963931,0.0228128525968828,1.41847164950533,0.457747727687875
1997,Allegiant,0,0,0,0,0,0,0,0,0,0,0
1997,sub_Other,1805984290,1942731230,18565235,136746940,57565680.0000002,0.727011416590242,0.10770407574323,0.078421898427311,0.0703890161893368,0.559090965185334,0.0374394385280069
1998,American,14550463000,16298846000,81476833,1748383000,301371000.000002,0.208271251378704,0.0279419447919514,0.00983226074746585,0.107270355214105,0.175427520494118,0.00417192466248689
1998,Continental,6638851000,7298958000,41691408,660107000,15534000,0.0240996752889122,0.147501030540148,0.161416151271945,0.0904385256087239,-0.107539210830293,0.0699493008981034
1998,Delta,12836685000,14629825000,103724605,1793140000,171863000,0.106004711101188,0.0299836545341401,0.020188335345891,0.122567426472976,0.0738080223238413,0.00500676949364722
1998,Northwest,8836084000,8706718000,50538811,-129366000,-1332584000,-1.10751667611356,-0.127906076438849,0.00633325645822122,-0.0148581819234297,-1.12328566133624,-0.0761458368998556
1998,United,16082351000,17517545000,86868185,1435194000,209688000,0.171103201453114,0.010519645449414,-0.00169637147953103,0.0819289460937591,0.158911859583178,0.0311118965783249
1998,US_Airways,7565643000,8555664000,58094384,990021000,403870999.999999,0.689023287554378,0.00637288661921994,-0.0441790524342937,0.115715273531078,0.678327496707938,-0.012242927736545
1998,America_West,1785128070,1982974040,17791959,197845970,35272670,0.216964716838497,0.0507852316672365,0.0351196045340506,0.0997723449773453,0.158147907072876,-0.0294245634159752
1998,sub_Network,68295205070,74990530040,440186185,6695324970.00001,-194984330.000008,-0.0282983421368337,0.0116359108947637,0.0157282498790088,0.0892822729273779,-0.0394749263065174,0.00176827891402266
1998,Southwest,3480321000,4164040000,59177010,683719000,159397000,0.304005935284043,0.0909204277603572,0.0569889223807391,0.164196069202025,0.195326352043061,0.145305415629072
1998,jetBlue,0,0,0,0,0,0,0,0,0,0,0
1998,AirTran,381326730,369245820,4589806,-12080910,339860,0.0273622327762288,2.49673012968304,2.23108328264201,-0.0327177975907757,0.721843627860428,3.22911337820007
1998,Frontier,182319720,192318830,1529975,9999110,29551310,1.51140587759945,0.390357947778121,0.154832622804876,0.0519923608104313,1.3678231770579,0.19704458164173
1998,Virgin_America,0,0,0,0,0,0,0,0,0,0,0
1998,sub_LCC,4043967450,4725604650,65296791,681637199.999999,189288169.999999,0.384459313345249,0.163678997573186,0.133218332791062,0.144243382696011,0.189726132578222,0.20847002933099
1998,Alaska,1386311000,1581276000,13055941,194965000,61892000,0.465098104048154,0.0849763521927998,0.0467812280081791,0.123295996397846,0.350350264397105,0.0629053790126366
1998,Hawaiian,409130380,426415190,5264589,17284810,15460669.9999999,8.47559397853173,0.0549181878734446,0.0167452541701727,0.0405351648002971,7.98230221779861,0.0146344255622265
1998,Spirit,122868040,130563060,1551130,7695020,5845220,3.15991999135042,0.610182637246169,0.55065792637116,0.0589371909635084,1.58350816554882,0.418732467408931
1998,Allegiant,0,0,0,0,0,0,0,0,0,0,0
1998,sub_Other,1918309420,2138254250,19871660,219944830,83197889.9999998,0.60840769087776,0.100643371033882,0.0621960725915286,0.102861869677098,0.461334100769546,0.0703694297432809
1999,American,15086486000,16090263000,81507894,1003777000,-744606000.000002,-0.425882658433536,-0.0127974090926439,0.036838896466731,0.0623841263502032,-0.418440199758003,0.000381224930527184
1999,Continental,7546106000,8026597000,44012311,480491000.000001,-179615999.999999,-0.272101341146207,0.0996908051806848,0.136658436828903,0.0598623551176172,-0.338087892137831,0.0556686164209182
1999,Delta,13171304000,14901352000,105529015,1730048000,-63092000,-0.0351852058400348,0.0185598255618232,0.0260673997998704,0.116100069309147,-0.0527657090463125,0.0173961616918184
1999,Northwest,9099249000,9868061000,54764430,768812000,898178000,6.94292163319574,0.133384703627705,0.0297829898402958,0.0779091252070696,6.24351671076362,0.0836113655305425
1999,United,16608774000,17966701000,86580996,1357927000,-77267000,-0.0538373209475513,0.0256403508596667,0.0327329629853247,0.0755802080749271,-0.0774907809941387,-0.00330603200700003
1999,US_Airways,8258020000,8460361000,55892647,202341000.000001,-787679999.999999,-0.795619486859369,-0.0111391704957089,0.0915159491400797,0.023916355342284,-0.793317212045819,-0.0378993088213139
1999,America_West,1966086080,2163986430,18703566,197900350,54379.9999997616,0.000274860286513602,0.0912832878034048,0.101369763347008,0.0914517518485547,-0.0833957859833793,0.0512370222975446
1999,sub_Network,71736025080,77477321430,446990859,5741296350,-954028620.000008,-0.142491757199951,0.0331614056958064,0.0503815751995078,0.0741029277217231,-0.170015219236204,0.0154586268989791
1999,Southwest,3954116000,4735648000,65485500,781532000,97813000,0.143060233809504,0.137272456556613,0.136135431185802,0.165031691544642,0.00508917385585368,0.106603730063415
1999,jetBlue,0,0,0,0,0,0,0,0,0,0,0
1999,AirTran,447721000,523467900,6457696,75746900,87827810,7.26996641809268,0.417667774817329,0.174113862933238,0.144702091570467,5.42273325913794,0.406964913113975
1999,Frontier,266140710,307487040,2176024,41346330.0000001,31347220.0000001,3.13500101509035,0.598840009582005,0.459747250599112,0.134465276975576,1.58625065066479,0.422261148057975
1999,Virgin_America,0,0,0,0,0,0,0,0,0,0,0
1999,sub_LCC,4667977710,5566602940,74119220,898625230,216988030.000001,0.318333609139879,0.177966282050277,0.154306449721795,0.161431530088618,0.119160734248938,0.135112750027792
1999,Alaska,1518904000,1695591000,13619767,176687000,-18278000,-0.0937501602851794,0.0722928824569525,0.0956444838135166,0.104203784992961,-0.154848591703487,0.0431853973604813
1999,Hawaiian,529350490,488876240,5692040,-40474250,-57759060,-3.341608036189,0.146479420679174,0.29384302871862,-0.082790380649303,-3.04243355262481,0.0811936126447858
1999,Spirit,232143720,227095620,2496165,-5048100,-12743120,-1.65602168675325,0.739355833112367,0.889374323868111,-0.0222289624079936,-1.37716358795853,0.609255832844442
1999,Allegiant,0,0,0,0,0,0,0,0,0,0,0
1999,sub_Other,2280398210,2411562860,21807972,131164650,-88780180,-0.40364749651083,0.127818574428181,0.188754111419627,0.0543898946926061,-0.471233656715107,0.0974408781148631
2000,American,16874131000,18117124000,86382135,1242993000,239216000.000002,0.238315880917775,0.125968170936671,0.118493133523605,0.0686087372366608,0.0997787618522503,0.0598008457929241
2000,Continental,8542461000,9129295000,45409245,586834000.000001,106343000,0.221321523191901,0.137380511317561,0.132035648584846,0.0642803195646543,0.0738020486891424,0.0317396193987632
2000,Delta,13861497000,15320850000,105709077,1459353000,-270695000,-0.156466756991714,0.0281516737541667,0.0524012656605603,0.0952527438099061,-0.179563419929833,0.00170627954785705
2000,Northwest,10293107000,10956638000,56927032,663531000,-105281000,-0.13693985005437,0.110313160812443,0.131204014748909,0.0605597264416329,-0.222687634077841,0.0394891720775693
2000,United,18590452000,19331280000,83913300,740828000,-617099000,-0.454441954538057,0.0759504485548015,0.119315128256908,0.0383227597965577,-0.492952443865117,-0.0308115651614819
2000,US_Airways,9225611000,9181238000,59830431,-44373000,-246714000.000001,-1.2192981155574,0.0852064114049033,0.117169854274996,-0.00483300835900344,-1.20207963503782,0.0704526303790908
2000,America_West,2322064110,2309326110,19954018,-12737999.9999995,-210638349.999999,-1.06436572749871,0.0671629350282019,0.181059229105574,-0.00551589485124711,-1.0603148079698,0.0668563417264922
2000,sub_Network,79709323110,84345751110,458125238,4636428000.00003,-1104868349.99997,-0.192442313137166,0.0886508407005987,0.111147753462896,0.0549693130831618,-0.25820322120623,0.0249096346733121
2000,Southwest,4629120000,5649621000,72710320,1020501000,238969000,0.305769949279108,0.192998508335079,0.170709205293927,0.180631762732403,0.094527730048389,0.110327018958395
2000,jetBlue,120082710,105248030,1128146,-14834680,-14834680,0,0,0,-0.14094971658852,0,0
2000,AirTran,542944490,624094540,7547350,81150050.0000001,5403150.00000012,0.0713316320535906,0.192230774800136,0.212684886346631,0.130028456906545,-0.101405822850708,0.168737271001918
2000,Frontier,369550130,450610240,2892792,81060109.9999999,39713779.9999998,0.960515237990886,0.465460918287808,0.38855168004925,0.179889631447346,0.337814754064872,0.329393425807804
2000,Virgin_America,0,0,0,0,0,0,0,0,0,0,0
2000,sub_LCC,5661697330,6829573810,84278608,1167876480,269251249.999998,0.299625740532567,0.226883591952402,0.212880112488798,0.17100283450923,0.0592901796529913,0.137068199044728
2000,Alaska,1772242000,1759867000,13524685,-12375000,-189062000,-1.07003910870636,0.0379077265684944,0.1667900012114,-0.00703178137893375,-1.067481055313,-0.00698117669707565
2000,Hawaiian,621201660,607220400,6271183,-13981260,26492990,0.654564074689463,0.24207386311104,0.173516737464435,-0.023025016946071,0.721887775300803,0.101746122655498
2000,Spirit,309964260,312236840,3221261,2272580,7320680,1.45018521820091,0.374913527614491,0.335225695530338,0.00727838521553062,1.32742802304229,0.290484002459773
2000,Allegiant,0,0,129687,0,0,0,0,0,0,0,0
2000,sub_Other,2703407920,2679324240,23146816,-24083680,-155248330,-1.18361410639223,0.111032303756743,0.18549817665398,-0.00898871425878639,-1.16526441739937,0.0613924119124878
2001,American,18196603000,15638794000,78178705,-2557809000,-3800802000,-3.05778230448602,-0.136794890844706,0.0783727470173132,-0.163555386687746,-3.38388568679778,-0.0949667428340362
2001,Continental,8313431000,7971663000,42780215,-341768000,-928602000.000001,-1.58239297654873,-0.126804096044656,-0.0268107750213901,-0.0428728610328861,-1.66696714209337,-0.0578963600914307
2001,Delta,14183177000,13211188000,94179938,-971989000,-2431342000,-1.66604104695711,-0.137698756922756,0.0232067286816135,-0.0735731714664873,-1.77239949762829,-0.109064796772372
2001,Northwest,10388396000,9591793000,52373970,-796603000,-1460134000,-2.20055129300666,-0.124567864704483,0.00925755459454565,-0.0830504786748421,-2.37138133797361,-0.079980667181103
2001,United,19830469000,16087369000,75181720,-3743100000,-4483928000,-6.05258980492098,-0.167806322188702,0.0667018209132301,-0.232673223321974,-7.071410946319,-0.104054780350671
2001,US_Airways,9434777000,8253356000,56148005,-1181421000,-1137048000,-25.6247718207018,-0.101062841416375,0.022672319481062,-0.143144316081846,-28.6180567979324,-0.0615477097265103
2001,America_West,2458870380,2035474290,19594293,-423396090,-410658090,-32.2388200659456,-0.118585165955622,0.058915802285924,-0.208008566887868,-36.7107563681781,-0.0180276974792746
2001,sub_Network,82805723380,72789637290,418436846,-10016086090,-14652514090,-3.16030230384251,-0.137008843574456,0.0388461493485138,-0.137603187251711,-3.50327281775442,-0.0866321885545193
2001,Southwest,4924054000,5555235000,73742879,631181000,-389320000,-0.381498891230876,-0.0167066073989742,0.0637127575003456,0.113619135824137,-0.370990272666174,0.0142009965022847
2001,jetBlue,284924270,320413800,3056371,35489529.9999999,50324210,3.39233539247222,2.04436862143643,1.37273351009483,0.110761552717142,1.78582316728237,1.70919810024589
2001,AirTran,609843500,665163320,8302732,55319820,-25830230.0000001,-0.318302083609315,0.065805382626805,0.123215192772285,0.0831672738659131,-0.360391749279255,0.100085725453305
2001,Frontier,426576350,446652200,2997968,20075850,-60984259.9999999,-0.752333792786612,-0.00878373292182619,0.154312542117087,0.0449473885945261,-0.750139081208344,0.0363579545297415
2001,Virgin_America,0,0,0,0,0,0,0,0,0,0,0
2001,sub_LCC,6245398120,6987464320,88099950,742066199.999999,-425810279.999999,-0.364602153816814,0.0231186475748771,0.103096431331132,0.106199640673085,-0.37895976415904,0.045341778782108
2001,Alaska,1827846000,1763063000,13667470,-64783000,-52408000,-4.2349898989899,0.00181604632622806,0.0313749476651608,-0.0367445746408381,-4.22550014864225,0.010557362334132
2001,Hawaiian,626078090,611582900,5830409,-14495189.9999999,-513929.999999881,-0.036758489578184,0.00718437654597902,0.00784999512074691,-0.0237011041348603,-0.0293631570553408,-0.0702856223458955
2001,Spirit,365300580,375192530,3274123,9891950,7619370,3.35274005755573,0.201628001359481,0.178524840250937,0.0263649971922415,2.62236902987546,0.0164103436511354
2001,Allegiant,0,0,67157,0,0,0,0,0,0,0,-0.48216089507815
2001,sub_Other,2819224670,2749838430,22839159,-69386240,-45302560,-1.88104807903111,0.0263179009644611,0.0428410189757822,-0.0252328424983136,-1.80716927603397,-0.013291547312598
2002,American,19183532000,15870616000,94130352,-3312916000,-755107000,-0.295216335543428,0.0148235215579923,0.054236991376907,-0.208745268614652,-0.276297117704729,0.204040819044009
2002,Continental,7833538000,7352780000,40009089,-480758000,-138990000,-0.40667938484586,-0.077635369182064,-0.0577250235191704,-0.0653845212287053,-0.525079494427755,-0.0647758782885967
2002,Delta,13445779000,12410395000,90924099,-1035384000,-63395000,-0.0652219315239164,-0.0606147607618634,-0.051991031346503,-0.0834287708006071,-0.13395642919388,-0.0345704092521276
2002,Northwest,9935075000,9151583000,51827440,-783492000,13111000,0.0164586374894395,-0.0458944433016851,-0.043637246789591,-0.0856127295135716,-0.0308517287270691,-0.0104351455503564
2002,United,16937412000,13915601000,68494278,-3021811000,721289000.000004,0.192698298202026,-0.13499833316436,-0.145889489552668,-0.217152748199664,0.066705033354149,-0.0889503725107646
2002,US_Airways,7834254000,6914919000,47167584,-919335000,262086000,0.221839632104051,-0.16216881956867,-0.169640787482311,-0.132949496588463,0.0712205679724899,-0.159941942727974
2002,America_West,2185146970,2020996930,19451122,-164150040,259246049.999999,0.612301474016917,-0.00711252412822185,-0.111320796828664,-0.0812223104168696,0.6095242055071,-0.00730677039482874
2002,sub_Network,77354736970,67636890930,412003964,-9717846039.99999,298240050.000008,0.0297761068864782,-0.0707895595010455,-0.0658286189347699,-0.14367671113176,-0.0441379593115037,-0.0153736031171595
2002,Southwest,5104270000,5521829000,72515950,417559000,-213622000,-0.338448083830153,-0.00601342697473644,0.036599111220145,0.0756196905047223,-0.334445822385337,-0.0166379319147548
2002,jetBlue,529688650,635191070,5672638,105502420,70012890.0000002,1.97277591447394,0.982408591639936,0.859050652301399,0.166095565543766,0.499577799960364,0.856004392136949
2002,AirTran,702166550,733369960,9660141,31203410,-24116410,-0.435945200110919,0.102541192439776,0.151388102029455,0.0425479794672801,-0.488404783642683,0.163489439379713
2002,Frontier,472712910,464615520,3737673,-8097390.00000006,-28173240.0000001,-1.40333983368077,0.0402176906326668,0.1081554568133,-0.0174281522063664,-1.38774560105342,0.246735455481846
2002,Virgin_America,0,0,0,0,0,0,0,0,0,0,0
2002,sub_LCC,6808838110,7355005550,91586402,546167440,-195898759.999999,-0.263990948516452,0.0526000868366509,0.0902168251205095,0.0742579235715193,-0.300770481887898,0.0395738249567679
2002,Alaska,1913172000,1832391000,14153286,-80781000,-15998000,-0.246947501659386,0.0393224745797513,0.0466811755476118,-0.0440850233383596,-0.199769592362166,0.0355454228178295
2002,Hawaiian,687052300,632037980,5861320,-55014320,-40519130.0000001,-2.79535004370418,0.0334461280719263,0.0973907424232019,-0.0870427438553613,-2.67251851897212,0.00530168638255052
2002,Spirit,411266810,404343780,3686807,-6923030,-16814980,-1.69986504177639,0.0776967761058572,0.125831253812956,-0.0171216433699067,-1.64940812415277,0.126044134566722
2002,Allegiant,0,0,189406,0,0,0,0,0,0,0,1.8203463525768
2002,sub_Other,3011491110,2868772760,23890819,-142718350,-73332110,-1.05686819173369,0.0432513884097547,0.0681983390844831,-0.0497489212076874,-0.971594013279015,0.0460463539835245
2003,American,18847340000,17403324000,88888929,-1444016000,1868900000,0.564125380782368,0.0965752053984546,-0.0175250313654441,-0.0829735744734741,0.602512789755034,-0.0556826027804507
2003,Continental,7303747000,7333412000,38936200,29665000,510423000,1.06170464142042,-0.00263410573959781,-0.0676311265739695,0.00404518387893657,1.06186760723975,-0.0268161317044735
2003,Delta,15360207000,14203030000,84246369,-1157177000,-121793000,-0.117630753420953,0.144446248487659,0.142381337667382,-0.0814739530931076,0.0234309781714445,-0.073442905384193
2003,Northwest,9460358000,9183813000,51975656,-276545000,506947000,0.647035323908859,0.00352179508179077,-0.0477819241424952,-0.0301122202727778,0.648274030697686,0.00285979782138574
2003,United,14951479000,13397729000,66101151,-1553750000,1468061000,0.485821581826262,-0.0372152090304975,-0.117251266013958,-0.11597114705037,0.465946675730127,-0.0349390791446842
2003,US_Airways,7182984000,6761645000,41264287,-421339000,497996000,0.541691548782544,-0.0221656970963796,-0.0831310805087504,-0.062313090971206,0.531302542919044,-0.125155806157042
2003,America_West,2199474820,2223348440,20048414,23873620,188023660,1.14543779581169,0.100124600387196,0.00655692738141065,0.0107376871616219,1.13220120317326,0.0307073288625715
2003,sub_Network,75305589820,70506301440,391461006,-4799288380.00003,4918557659.99996,0.506136610906831,0.0424237493850751,-0.0264902607166086,-0.0680689283366277,0.526235478245292,-0.0498610688124347
2003,Southwest,5454619000,5936696000,74788288,482077000,64518000,0.154512296465889,0.0751321708803369,0.0686384145039349,0.0812029115184608,0.0738328995592737,0.0313356992496134
2003,jetBlue,829199590,998351160,8949744,169151570,63649149.9999996,0.603295640043134,0.571733620247526,0.565447154663405,0.169430934502044,0.0200810235201545,0.577704059381191
2003,AirTran,831720810,918039450,11657851,86318639.9999999,55115229.9999999,1.7663207322533,0.251809455080489,0.184506453632689,0.0940249789919157,1.20985767524454,0.206799258934212
2003,Frontier,565126620,590062740,5071163,24936120,33033510.0000001,4.07952562492356,0.270002216025844,0.195496480094017,0.0422601162717036,3.4248190956392,0.356770108032458
2003,Virgin_America,0,0,0,0,0,0,0,0,0,0,0
2003,sub_LCC,7680666020,8443149350,100467046,762483330.000001,216315890.000001,0.39606148986106,0.147946020244676,0.128043565717852,0.0903079287588346,0.216138620841684,0.0969646563908035
2003,Alaska,2037996000,2027376000,15070339,-10620000.0000005,70160999.9999995,0.868533442269835,0.106410149362227,0.0652445258450365,-0.0052382981745865,0.881177375491406,0.0647943523504012
2003,Hawaiian,645707450,706144260,5682956,60436809.9999999,115451130,2.09856506451411,0.117249726037033,-0.0601771509970929,0.0855870583724633,1.98327619950358,-0.030430687967898
2003,Spirit,442785730,450066680,4110592,7280949.99999994,14203979.9999999,2.05169990596602,0.113079271307203,0.0766386181272444,0.0161774917441121,1.9448562497538,0.114946347883141
2003,Allegiant,0,0,485467,0,0,0,0,0,0,0,1.56310254163015
2003,sub_Other,3126489180,3183586940,25349354,57097759.9999991,199816109.999999,1.40007301093377,0.10973827707427,0.0381864218752419,0.0179350402788118,1.36051113960719,0.0610500209306345
2004,American,19028565000,18607553000,91619665,-421012000,1023004000,0.708443673754307,0.0691953445215408,0.00961541522570294,-0.0226258659588394,0.727312387077253,0.0307207661372543
2004,Continental,10140885000,9851366000,40745993,-289519000,-319184000,-10.7596157087477,0.343353680387792,0.38844965467725,-0.0293887162450365,-8.26511256955825,0.0464809868451467
2004,Delta,16767211000,15154479000,86901935,-1612732000,-455555000,-0.393677890244967,0.0669891565391328,0.0916005884556113,-0.106419494856933,-0.306178119715364,0.0315214297247636
2004,Northwest,11699605000,11265608000,55446115,-433997000,-157452000,-0.569353993021027,0.226680900405964,0.236697913546189,-0.03852406368125,-0.279349823170522,0.0667708551865127
2004,United,16867575000,15701169000,70880444,-1166406000,387344000.000002,0.249296218825424,0.171927645349447,0.128154278248995,-0.0742878444273798,0.359428217131331,0.072302719811944
2004,US_Airways,7421065000,7073132000,42408295,-347933000,73406000,0.174220758106893,0.046066748550094,0.0331451385663674,-0.0491907969482261,0.210586472576742,0.0277239250492805
2004,America_West,2485127690,2481515690,21132430,-3612000.00000048,-27485620.0000005,-1.15129670322308,0.116116414933145,0.12987321673453,-0.00145556202386956,-1.13555638211103,0.0540699129616936
2004,sub_Network,84410033690,80134822690,409134877,-4275210999.99998,524077380.000046,0.109198976703301,0.136562563251084,0.120899974248419,-0.0533502272356495,0.21623230247123,0.0451484840868159
2004,Southwest,5976038000,6529620000,81150157,553582000,71505000,0.14832692702618,0.0998744082567138,0.0955921944319118,0.0847801250302468,0.0440527740310489,0.0850650438742494
2004,jetBlue,1152843370,1265971640,11731733,113128270,-56023300,-0.33120177365188,0.268062472126541,0.390308658980403,0.0893608248601839,-0.472582588753261,0.310845651004096
2004,AirTran,1008578500,1041422390,13178118,32843889.9999999,-53474750,-0.619504083938302,0.134398298460921,0.212640693696241,0.0315375301274249,-0.664583491902332,0.130407139360419
2004,Frontier,824202270,787227420,6437921,-36974850.0000001,-61910970.0000001,-2.4827828066275,0.334141891419885,0.45843823460307,-0.0469684478215966,-2.11141312341929,0.269515690976606
2004,Virgin_America,0,0,0,0,0,0,0,0,0,0,0
2004,sub_LCC,8961662140,9624241450,112497929,662579310,-99904020.000001,-0.131024530070711,0.139887623804736,0.166781906238907,0.0688448345194,-0.237665668279818,0.119749544542198
2004,Alaska,2279675000,2241387000,16294555,-38288000,-27667999.9999995,-2.60527306967969,0.105560586689396,0.118586591926579,-0.0170822798561783,-2.261036177561,0.0812334745754558
2004,Hawaiian,708862990,784687180,5612859,75824190,15387380.0000001,0.254602782641906,0.111227867234947,0.09780828763862,0.0966298315208871,0.129023865972437,-0.0123346019219575
2004,Spirit,535728740,483266330,4592640,-52462410.0000001,-59743360,-8.20543473035806,0.0737660695077449,0.209905161126127,-0.108557966370221,-7.71043250012668,0.117269726598991
2004,Allegiant,95600030,101946370,841110,6346339.99999999,6346339.99999999,0,0,0,0.0622517506018114,0,0.7325791454414
2004,sub_Other,3619866760,3611286880,27341164,-8579880.00000048,-65677639.9999995,-1.15026649031417,0.134345299205179,0.15780562528606,-0.00237585112595665,-1.13246979594261,0.0785743889173665
2005,American,21007890000,20657147000,98098330,-350743000,70269000,0.166904981330698,0.110148497225831,0.104018616222505,-0.0169792566224174,0.249564341391141,0.0707126030203232
2005,Continental,11201728000,11108038000,42822264,-93690000,195829000,0.676394295365762,0.127563223211888,0.10461049504062,-0.00843443279542256,0.713004381508258,0.0509564461958259
2005,Delta,17308878000,16111713000,86105101,-1197165000,415567000.000002,0.257678895191515,0.0631650880244713,0.032305134109662,-0.0743040172078536,0.301781902763723,-0.00916934703467765
2005,Northwest,13210759000,12315547000,56537115,-895212000,-461215000,-1.06271471922617,0.0931986094314661,0.129162822163654,-0.0726895849611877,-0.886861821292395,0.0196767618434583
2005,United,17545500000,17304154000,66801529,-241346000,925059999.999998,0.793085769449059,0.102093353685958,0.0401910173809811,-0.0139472868768967,0.812253444902,-0.0575464087104196
2005,US_Airways,7425433000,7212379000,41869238,-213054000,134879000,0.387657968631892,0.0196867526295282,0.000588594763689578,-0.0295400449699052,0.399480252352966,-0.0127111217274828
2005,America_West,3517704260,3397189000,22129870,-120515260,-116903260,-32.3652436323322,0.368997590339636,0.415502420320301,-0.0354749941790109,-23.372025099076,0.0471994938584914
2005,sub_Network,91217892260,88106167000,414363447,-3111725260,1163485739.99998,0.27214697473411,0.0994741616991778,0.080652243251107,-0.0353179052721701,0.337998972034929,0.0127795753770461
2005,Southwest,6763757000,7583837000,88473713,820080000,266498000,0.48140654862333,0.161451508663598,0.131812916852269,0.108135235501501,0.275478603775617,0.0902469726583523
2005,jetBlue,1641355230,1703180750,14681039,61825520,-51302749.9999998,-0.453491863704801,0.345354584720397,0.423745213541021,0.0363000345089621,-0.593781340248839,0.251395595177626
2005,AirTran,1437155560,1450543360,16619286,13387800,-19456089.9999999,-0.592380805075159,0.392848256316056,0.42493178270209,0.00922950693456003,-0.707348454451921,0.261127423506149
2005,Frontier,962350050,960340230,7349742,-2009820.00000012,34965030,0.945643592874613,0.219901905855871,0.167613928071322,-0.00209282079123158,0.955441985241222,0.141632834575013
2005,Virgin_America,0,0,0,0,0,0,0,0,0,0,0
2005,sub_LCC,10804617840,11697901340,127123780,893283500,230704190,0.348191056554422,0.215462164033717,0.20564887084663,0.0763627144764413,0.109200349009813,0.130009957783312
2005,Alaska,2423907000,2416130000,16758941,-7777000,30511000,0.796881529460928,0.0779619940688511,0.0632686676828934,-0.00321878375749649,0.811571770009826,0.0284994588683151
2005,Hawaiian,792074460,823881310,5839536,31806850,-44017340,-0.580518433497278,0.0499487324362812,0.117387240092758,0.0386061069888817,-0.600474238842725,0.0403853009669404
2005,Spirit,539297200,484449290,4507560,-54847909.9999998,-2385499.99999976,-0.0454706522250838,0.00244784278681293,0.00666094561213912,-0.11321703041406,-0.0429177535248787,-0.0185252926421405
2005,Allegiant,123983050,132500970,1204467,8517920.00000001,2171580.00000003,0.342178326405461,0.299712486084595,0.296893421476959,0.0642857180592717,0.0326732571822827,0.431997003959054
2005,sub_Other,3879261710,3856961570,28310504,-22300140,-13720259.9999995,-1.59912026741618,0.0680296797688917,0.0716587010511955,-0.00578178952402681,-1.4335655802923,0.0354535015407537
2006,American,21007890000,20657147000,98098330,-350743000,0,0,0,0,-0.0169792566224174,0,0
2006,Continental,12599970000,13010390000,46775919,410420000,504110000,5.38061692816736,0.171259046827171,0.124823777188662,0.0315455570509416,4.74009228789654,0.0923270894785012
2006,Delta,17308303000,17339136000,73654538,30833000,1227998000,1.02575501288461,0.0761820298065139,-3.32199464344252E-05,0.00177823162584341,1.02393183696743,-0.144597275369319
2006,Northwest,11773257000,12554941000,54887676,781684000,1676896000,1.87318311193326,0.0194383570620128,-0.108812975847943,0.0622610651854119,1.85653350777358,-0.0291744458485368
2006,United,18883341000,19333859000,69325082,450518000,691864000,2.86668931741152,0.117295823881364,0.0762498076429854,0.0233020215984817,2.67072075050531,0.0377768748377003
2006,US_Airways,11288300790,11845203130,57685648,556902340.000002,769956340.000002,3.61390229707024,0.642343411237818,0.520221216729045,0.0470150096953214,2.59156865682565,0.37775729283633
2006,America_West,0,0,0,0,120515260,1,-1,-1,0,1,-1
2006,sub_Network,92861061790,94740676130,400427193,1879614340,4991339600,1.60404251113095,0.0753013024616086,0.0180136757086696,0.0198395706762833,1.56174256438466,-0.0336329232245237
2006,Southwest,8152040000,9086299000,96349391,934259000.000001,114179000.000001,0.13922909960004,0.198113698909932,0.20525323426019,0.102820631370374,-0.0491477556457838,0.0890171524733002
2006,jetBlue,2246218390,2363257660,18507003,117039270,55213750.0000005,0.893057591751763,0.387555407727571,0.36851447446876,0.0495245490921208,0.364311350169478,0.26060580589698
2006,AirTran,1851222220,1893355010,20046956,42132789.9999995,28744989.9999995,2.14710333288513,0.30527294957939,0.288115407632003,0.0222529793818221,1.41106914373675,0.206246525873615
2006,Frontier,1144178100,1131705280,8934447,-12472820.0000002,-10463000.0000001,-5.20593884029391,0.178442019449711,0.188941695384128,-0.011021261648616,-4.26622331677536,0.215613690929559
2006,Virgin_America,0,0,0,0,0,0,0,0,0,0,0
2006,sub_LCC,13393658710,14474616950,143837797,1080958240,187674740.000002,0.210095384052209,0.2373686979651,0.239623548776992,0.0746795748539654,-0.0220413801947168,0.131478288326543
2006,Alaska,2796132000,2692507000,17164501,-103625000,-95848000,-12.3245467403883,0.114388298642871,0.153564060007253,-0.0384864366183635,-10.9568257820145,0.0241996197731111
2006,Hawaiian,869338530,881599390,6204313,12260860,-19545990,-0.614521400264408,0.0700563045907668,0.0975464730929463,0.013907518697353,-0.639758582719613,0.0624667781823761
2006,Spirit,607198930,540294350,4477169,-66904580.0000001,-12056670.0000003,-0.219820044191298,0.115275346982137,0.125907811129003,-0.123829871624606,-0.0937389116437053,-0.00674222861148826
2006,Allegiant,217072000,229858000,2187220,12786000,4268079.99999999,0.501070683922833,0.734764658704008,0.750819970955708,0.0556256471386682,-0.134712206412921,0.815923557889091
2006,sub_Other,4489741460,4344258740,30033203,-145482719.999999,-123182579.999999,-5.5238478323454,0.126342241465476,0.157370086278608,-0.0334885025747797,-4.79206531742721,0.0608501706645703
2007,American,21677783000,22493347000,98200398,815564000,1166307000,3.32524669059682,0.0888893321037992,0.0318876860074953,0.0362580099795731,3.13542976502883,0.00104046623423661
2007,Continental,13484442000,14105361000,49005712,620919000,210499000,0.512886798888943,0.0841612741816348,0.0701963576103753,0.044020071517489,0.395444418572252,0.0476696780666137
2007,Delta,18233944000,19238800000,73051485,1004856000,974023000,31.5902766516395,0.109559322909746,0.0534795930022718,0.0522307004594881,28.3722705751087,-0.00818758784421402
2007,Northwest,11610969000,12734621000,53736983,1123652000,341968000,0.437476013325078,0.0143114969636257,-0.0137844608335654,0.0882359985428699,0.417193847874355,-0.0209645057662853
2007,United,19096720000,20049094000,68385937,952374000,501856000,1.1139532715674,0.036993907941503,0.011299854194234,0.0475020966034675,1.03853972080099,-0.0135469727969453
2007,US_Airways,11531026110,12054991190,57865666,523965080,-32937260.0000019,-0.059143691154183,0.0177108030734124,0.021502378835885,0.0434645759371974,-0.0755170270331222,0.00312067223375908
2007,America_West,0,0,0,0,0,0,0,0,0,0,0
2007,sub_Network,95634884110,100676214190,400246181,5041330080,3161715740,1.68210875641649,0.0626503662677629,0.0298706720182981,0.0500746886497521,1.5239804563721,-0.000452047221478288
2007,Southwest,9070575000,9860783000,101989972,790208000,-144051000.000001,-0.154187436246267,0.0852364642633926,0.112675477549178,0.0801364354128876,-0.220619107810913,0.0585429854974382
2007,jetBlue,2676970320,2843154620,21304722,166184300,49145030,0.419902055096548,0.2030658645998,0.191767609025763,0.0584506726545883,0.180236341897107,0.15117082976644
2007,AirTran,2172057010,2308824010,23761073,136767000,94634210.0000005,2.24609407542205,0.219435339809833,0.173309712110089,0.0592366500901037,1.66196490248369,0.185270871048951
2007,Frontier,1344190450,1334363910,10400172,-9826540,2646280.00000024,0.212163728811944,0.179073680737798,0.174808755734793,-0.00736421296046593,0.331817608976673,0.164053242467049
2007,Virgin_America,51156530,16154880,383625,-35001650,-35001650,0,0,0,-2.16663014519452,0,0
2007,sub_LCC,15314949310,16363280420,157839564,1048331110,-32627130.0000038,-0.0301835249435758,0.130481067410906,0.143447779400674,0.0640660725167722,-0.142120551140627,0.0973441424440054
2007,Alaska,2946532000,3076265000,17559002,129733000,233358000,2.25194692400482,0.142528134560096,0.0537885908104482,0.0421722445888114,2.09576901096344,0.0229835402730321
2007,Hawaiian,971299720,982746450,7098771,11446730,-814130,-0.0664007255608497,0.114731318042314,0.11728594383134,0.0116476940720569,-0.162489418455801,0.144167130188306
2007,Spirit,748970200,761584540,6902602,12614340.0000002,79518920.0000004,1.18854224927502,0.409573392725651,0.233484057687651,0.0165632826527705,1.13375837700117,0.541733626762805
2007,Allegiant,310220000,340054000,3272013,29834000,17048000,1.33333333333333,0.479409026442412,0.429111078351883,0.087733124739012,0.577206365263556,0.495968855442068
2007,sub_Other,4977021920,5160649990,34832388,183628070.000001,329110790,2.26219849340184,0.187924177370706,0.108531964332752,0.0355823530671184,2.06252445858584,0.159795976473105
2008,American,25750389000,23696099000,92817605,-2054290000,-2869854000,-3.51885811536556,0.053471455359667,0.187870041876515,-0.0866931725766338,-3.39100746636329,-0.0548143705079484
2008,Continental,15410592000,15032887000,46964788,-377705000,-998624000,-1.60829995538871,0.0657569841707702,0.142842395703137,-0.0251252470666479,-1.57076797471049,-0.0416466553939671
2008,Delta,20916811000,20972590000,71727996,55779000,-949077000,-0.944490553870405,0.0901194461193006,0.147135858265222,0.00265961428702893,-0.949079482686781,-0.0181172087056136
2008,Northwest,14636223000,14095692000,48920621,-540531000,-1664183000,-1.4810484028863,0.106879584402237,0.26055138033699,-0.0383472482230741,-1.43459867691578,-0.0896284408077022
2008,United,21983998000,20237248000,63149733,-1746750000,-2699124000,-2.83410088893649,0.00938466346658857,0.151192351356673,-0.0863136133924929,-2.81704850025909,-0.0765684324834213
2008,US_Airways,14232648830,12459196540,54820010,-1773452290,-2297417370,-4.38467649409003,0.0335301240481452,0.234291614139793,-0.142340823046363,-4.27486970658667,-0.0526332143139941
2008,America_West,0,0,0,0,0,0,0,0,0,0,0
2008,sub_Network,112930661830,106493712540,378400753,-6436949290.00002,-11478279370,-2.27683551520198,0.0577842382811592,0.18085218464955,-0.0604444068712718,-2.20708502641027,-0.0545799786157112
2008,Southwest,10574041000,11023243000,102041896,449202000,-341006000,-0.43153954401879,0.117887190094336,0.165752005798971,0.0407504397753003,-0.491486743010948,0.000509108875919684
2008,jetBlue,3305593020,3390181430,21824403,84588410,-81595890.0000005,-0.490996381727999,0.192401358037995,0.234826174688407,0.0249509979765301,-0.573127273932724,0.0243927613793787
2008,AirTran,2624488320,2552478100,24619120,-72010220,-208777220,-1.52651750787836,0.105531685803978,0.208296240806313,-0.0282118855397819,-1.47625727479304,0.0361114584345581
2008,Frontier,1458286490,1370900000,10640737,-87386489.9999998,-77559949.9999998,-7.89290533595749,0.027380903909489,0.0848808589586392,-0.0637438835801297,-7.65589899726319,0.0231308674510383
2008,Virgin_America,562778080,369248050,2564629,-193530030,-158528380,-4.52916876775809,21.8567497870612,10.0010995663701,-0.52411930137478,0.758094706409743,5.68524991854024
2008,sub_LCC,18525186910,18706050580,161690785,180863670,-867467439.999998,-0.827474670669651,0.143172401857549,0.209614640898867,0.00966872559370574,-0.849081967820417,0.0243995922340485
2008,Alaska,3243988000,3221431000,16809469,-22557000,-152290000,-1.17387249196427,0.0471890425564768,0.100951219942631,-0.00700216767020619,-1.16603734846174,-0.0426865376517413
2008,Hawaiian,1115687290,1211733180,7857461,96045890,84599160,7.39068362755127,0.233006926659465,0.148653980874204,0.0792632335115227,5.80505798153446,0.106876246606631
2008,Spirit,783588750,791001430,6819875,7412680,-5201660.00000024,-0.412360852807213,0.0386259022537404,0.0462215319114167,0.00937125992300671,-0.43421481602023,-0.0119849007664066
2008,Allegiant,441556000,483080000,4292432,41524000,11690000,0.391834819333646,0.420597905038612,0.423364064212494,0.0859567773453672,-0.0202471688877955,0.311862758491485
2008,sub_Other,5584820040,5707245610,35779237,122425570,-61202500.000001,-0.33329599336311,0.105916041789147,0.12212084450695,0.0214509026535481,-0.397147720582569,0.027183005655541
2009,American,21061094000,19898245000,85783035,-1162849000,891441000,0.433941167021209,-0.160273385083342,-0.182105792654239,-0.0584397769753061,0.325901045740974,-0.0757891781413666
2009,Continental,12571630000,12361386000,44019037,-210244000,167461000,0.44336453051985,-0.177710442445287,-0.184221475722672,-0.0170081251406598,0.323066352520094,-0.0627225443879359
2009,Delta,18651434000,18046578000,67852225,-604856000,-660635000,-11.8437942594883,-0.139516006368312,-0.108304129152384,-0.0335163818869151,-13.6019709137435,-0.0540342853019343
2009,Northwest,10383061000,10863304000,41116559,480243000,1020774000,1.88846523141133,-0.22931743968299,-0.290591500279819,0.0442078211196152,2.15282903384485,-0.159524998670806
2009,United,16111094000,16359238000,56082619,248144000,1994894000,1.14206039788178,-0.191627339843836,-0.267144493008051,0.0151684326617169,1.17573627224644,-0.111910433572221
2009,US_Airways,10659854000,10780838000,51016486,120984000,1894436290,1.06821948393097,-0.134708408733393,-0.251028102546109,0.0112221331959538,1.07883987850975,-0.0693820376902522
2009,America_West,0,0,0,0,0,0,0,0,0,0,0
2009,sub_Network,89438167000,88309589000,345869961,-1128578000,5308371290.00002,0.824671913797227,-0.170753024815149,-0.20802583150858,-0.0127797899727514,0.788569519757742,-0.0859691523922521
2009,Southwest,10088298000,10350338000,101429689,262040000,-187162000,-0.416654422731867,-0.0610441954332314,-0.0459373100596073,0.0253170476171889,-0.378729462631857,-0.00599956511980138
2009,jetBlue,3021426670,3287411890,22392322,265985220,181396810,2.14446411748371,-0.0303138761514601,-0.0859653164441884,0.0809102202279862,2.24276489077084,0.0260222009280162
2009,AirTran,2164431860,2341442180,23997810,177010320,249020540,3.45812774908896,-0.0826788366959936,-0.17529377307345,0.0755988431027584,3.67968062596013,-0.0252368890520863
2009,Frontier,1046494460,1113397110,9494913,66902650.0000001,154289140,1.76559488772235,-0.187834918666569,-0.282380748106636,0.060088758448457,1.94265920232052,-0.107682766710614
2009,Virgin_America,595724710,547645240,3747220,-48079469.9999999,145450560,0.75156584226231,0.483136444457865,0.05854284516554,-0.0877930939379659,0.832494064409225,0.461115818311342
2009,sub_LCC,16916375700,17640234420,161061954,723858720.000008,542995050.000008,3.00223394781278,-0.0569770810488205,-0.0868445332193414,0.0410345295173241,3.24404737931929,-0.00388909609165402
2009,Alaska,2797572000,3005999000,15561087,208427000,230984000,10.2400141862836,-0.0668746280767771,-0.137613332725029,0.0693370157475102,10.9022215709765,-0.0742665934301672
2009,Hawaiian,1072377150,1183618680,8344839,111241530,15195640.0000001,0.158212287896964,-0.0232018900398518,-0.0388192465650479,0.0939842635805647,0.185723309747412,0.062027415726276
2009,Spirit,591779000,698966000,6088588,107187000,99774320,13.4599524058775,-0.11635305134657,-0.244783695529064,0.153350806763133,15.3639476466395,-0.107228798181785
2009,Allegiant,427945000,536465000,5319764,108520000,66995999.9999999,1.6134283787689,0.110509646435373,-0.0308250822092781,0.202287194877578,1.35335945721656,0.239335649347503
2009,sub_Other,4889673150,5425048680,35314278,535375530,412949960,3.37306953114452,-0.0494453803609829,-0.124470777038681,0.0986858481056063,3.60054524042525,-0.0129952184279391
2010,American,21999685000,22150940000,86203276,151255000,1314104000,1.1300727781509,0.113210737931913,0.0445651588659165,0.00682837838935955,1.11684470309058,0.00489888239556924
2010,Continental,13389175000,14011495000,43568258,622320000,832564000,3.9599893457126,0.133488995489664,0.065030946663241,0.0444149607161834,3.61139663242508,-0.0102405466071418
2010,Delta,29277924000,31893702000,111235732,2615778000,3220634000,5.32462933326279,0.767299152227087,0.569741179150086,0.0820155026218029,3.44702733423091,0.639382231017479
2010,Northwest,0,0,0,0,-480243000,-1,-1,-1,0,-1,-1
2010,United,18404957000,19682320000,54099291,1277363000,1029219000,4.14766828938036,0.203131832913,0.142377854663377,0.0648990058082584,3.27855713610114,-0.0353643969444437
2010,US_Airways,11415098000,12195807000,51853197,780709000,659725000,5.45299378430206,0.131248517044779,0.0708493756105853,0.064014542047115,4.70431137550532,0.0164007964013829
2010,America_West,0,0,0,0,0,0,0,0,0,0,0
2010,sub_Network,94486839000,99934264000,346959754,5447425000.00002,6576003000.00002,5.82680417303901,0.131635478452969,0.0564487418441838,0.0545100827479954,5.26533478752152,0.00315087496135578
2010,Southwest,11115876000,12103710000,106307266,987834000,725794000,2.76978323920012,0.169402390530628,0.101858410606031,0.0816141497111216,2.22368354103462,0.0480882574726222
2010,jetBlue,3436497190,3780816440,24216697,344319250,78334030,0.29450519844674,0.150089056835528,0.137375672268095,0.0910700785039965,0.12556952937938,0.0814732389075148
2010,AirTran,2490981530,2619172240,24721225,128190709.999999,-48819610.0000014,-0.275800925053417,0.118614955505756,0.150870847927733,0.0489432149754302,-0.352593069329067,0.0301450424017858
2010,Frontier,1337368350,1316948800,9251839,-20419550,-87322200.0000001,-1.30521287273374,0.182820386519595,0.277950721306255,-0.0155051965573757,-1.25803822474841,-0.0256004452068176
2010,Virgin_America,725676040,724877360,3891100,-798680.000000119,47280789.9999998,0.983388336019508,0.323625783728167,0.21813990223773,-0.00110181396753807,0.987449878821714,0.0383964645790746
2010,sub_LCC,19106399110,20545524840,168388127,1439125730,715267009.999992,0.98813068108095,0.164696814726343,0.129461738663088,0.0700457029551356,0.706994177319942,0.0454866765120706
2010,Alaska,2971375000,3426625000,16514349,455250000,246823000,1.18421797559817,0.139928855598422,0.0621263724401016,0.132856673840878,0.916100259126729,0.0612593451858471
2010,Hawaiian,1216725010,1312221100,8424049,95496090,-15745440.0000001,-0.141542821282664,0.108651901303214,0.134605497701998,0.0727743899256002,-0.225674733693935,0.00949209445502783
2010,Spirit,712390700,778904880,6750835,66514180,-40672820,-0.37945665052665,0.114367336894785,0.203812064976959,0.0853944835985621,-0.443142912639102,0.108768568344582
2010,Allegiant,548666230,635459000,5882400,86792770,-21727229.9999999,-0.200214061924069,0.184530211663389,0.282095199149423,0.13658280077865,-0.324807480467026,0.105763338373657
2010,sub_Other,5449156940,6153209980,37571633,704053039.999999,168677509.999999,0.315063914109035,0.134222076694803,0.114421510975637,0.114420447585635,0.159441295606956,0.0639218788502486
2011,American,25127666000,23957564860,86150335,-1170101140,-1321356140,-8.73595015040828,0.0815597378711692,0.142182990347362,-0.0488405706856137,-8.15258702735637,-0.000614141392955878
2011,Continental,15224951000,16174879000,45282284,949928000,327608000,0.526430132407764,0.154400654605379,0.137108970492954,0.0587286000717532,0.322270674672789,0.0393411643862373
2011,Delta,33070900000,35315717000,113856873,2244817000,-370961000,-0.141816698511877,0.107294380564539,0.129550715412746,0.0635642481787925,-0.224972765552562,0.0235638400797327
2011,Northwest,0,0,0,0,0,0,0,0,0,0,0
2011,United,20261243710,21155217710,50501504,893974000.000004,-383388999.999996,-0.300140993593831,0.0748335414727534,0.100857975924638,0.0422578492102884,-0.348867541436033,-0.0665034038985834
2011,US_Airways,12906812520,13340511360,52958806,433698840.000002,-347010159.999998,-0.444480798863595,0.0938604850011155,0.130679081335964,0.0325099112242727,-0.49214803098419,0.021321906149779
2011,America_West,0,0,0,0,0,0,0,0,0,0,0
2011,sub_Network,106591573230,109943889930,348749802,3352316700,-2095108300.00002,-0.3846052584478,0.100162101859278,0.128110267610921,0.0304911596463831,-0.440632666302375,0.00515923815186934
2011,Southwest,13002568000,13654641000,110645895,652073000,-335761000,-0.33989617688802,0.128136827468603,0.169729493204134,0.0477546791600014,-0.414872551769123,0.0408121585969486
2011,jetBlue,4184986480,4508899360,26373065,323912880,-20406370.0000005,-0.059265841221484,0.192572935384295,0.217805878665654,0.0718385694907149,-0.211172641214289,0.0890446785538094
2011,AirTran,2957937990,2941624810,24705380,-16313180.0000005,-144503890,-1.12725711558974,0.123112395998821,0.187458820700288,-0.0055456358487813,-1.11330755144641,-0.000640947202252316
2011,Frontier,1773388950,1661913750,10621657,-111475200,-91055650,-4.45923881770166,0.261942567547045,0.326028801264812,-0.0670764051383533,-3.32605964652836,0.14805899670325
2011,Virgin_America,1064081490,1037108630,5006329,-26972859.9999999,-26174179.9999998,-32.7717984674661,0.430736683512919,0.466331298467564,-0.026007748098673,-22.6044821221369,0.286610213050294
2011,sub_LCC,22982962910,23804187550,177352326,821224640,-617901090,-0.429358656522665,0.158606934375106,0.202893479701838,0.0344991669333407,-0.507476326485902,0.0532353388549776
2011,Alaska,3838532000,4309602000,17809881,471070000,15820000,0.0347501372872048,0.257681246124102,0.291836944175676,0.109307077544516,-0.177255651639811,0.0784488689199921
2011,Hawaiian,1626302140,1651121130,8665783,24818989.9999998,-70677100.0000002,-0.740104647216449,0.258264426627494,0.336622594780065,0.0150315985599432,-0.793449336019024,0.0286957020311729
2011,Spirit,926803890,1071186640,8296297,144382750,77868569.9999999,1.17070630653494,0.375247051989198,0.300976963904779,0.13478766874837,0.57841189580822,0.228929013966421
2011,Allegiant,680633610,745038100,6148100,64404489.9999999,-22388280.0000001,-0.257950979096532,0.172440865579054,0.240523970283354,0.0864445590098008,-0.367090449771231,0.0451686386508908
2011,sub_Other,7072271640,7776947870,40920061,704676230.000001,623190.000001907,0.000885146380451547,0.26388468706215,0.297865287763211,0.0906108979742976,-0.208088240465221,0.0891211728806145
2012,American,24783905000,24825067000,86464899,41162000,1211263140,1.03517815562508,0.0362099464227436,-0.0136805782120791,0.0016580821312587,1.03394886890106,0.00365133809404223
2012,Continental,0,0,0,0,-949928000,-1,-1,-1,0,-1,-1
2012,Delta,34268490000,36916967000,116910335,2648477000,403660000,0.17981866673319,0.0453410021379433,0.0362128034011775,0.0717414569837224,0.128644781291666,0.02681842491845
2012,Northwest,0,0,0,0,0,0,0,0,0,0,0
2012,United,37111349220,37160167200,92567039,48817980,-845156020.000004,-0.945392170242088,0.756548559764266,0.831642210674539,0.0013137179856392,-0.968911858738912,0.832956083842572
2012,US_Airways,13299049720,14121027100,54276800,821977379.999998,388278539.999996,0.895272258510063,0.0585071830409955,0.0303899355005122,0.0582094612650377,0.790514310035306,0.0248871547443876
2012,America_West,0,0,0,0,0,0,0,0,0,0,0
2012,sub_Network,109462793940,113023228300,350219073,3560434359.99998,208117659.999985,0.0620817418592894,0.0280082719645499,0.0269366575892877,0.0315017931583891,0.0331451320227455,0.00421296583273759
2012,Southwest,16464389000,17087612000,134070163,623223000,-28850000,-0.0442435126128516,0.251414226122825,0.266241330174162,0.0364722115647289,-0.236258892190873,0.21170480838896
2012,jetBlue,4622313340,4982013790,28966808,359700450.000001,35787570.000001,0.110485171197888,0.104929028622187,0.104498989922663,0.0721998101896063,0.00502850629477001,0.0983481821320351
2012,AirTran,0,0,0,0,16313180.0000005,1,-1,-1,0,1,-1
2012,Frontier,1404074730,1433465510,10701955,29390779.9999998,140865980,1.26365308158227,-0.137460948259198,-0.208253367091297,0.0205033046103772,1.30567089229196,0.00755983741519802
2012,Virgin_America,1360836000,1332837220,6220081,-27998780,-1025920.00000012,-0.0380352695264842,0.285147169202516,0.27888325545443,-0.0210069013528899,0.192282958401857,0.242443514998715
2012,sub_LCC,23851613070,24835928520,179959007,984315450,163090810,0.198594637881299,0.0433428348618436,0.0377953949367446,0.0396327219740283,0.148802289939541,0.0146977547957277
2012,Alaska,4088560000,4650001000,18525730,561441000,90371000,0.191841976776275,0.0789861801623445,0.0651363594207369,0.120739974034414,0.104594292947247,0.0401939238111698
2012,Hawaiian,1829886340,1962569960,9484204,132683620,107864630,4.34605235748922,0.18862869861038,0.125182273940806,0.0676070778134197,3.49766387412592,0.0944428218431041
2012,Spirit,1144394000,1318387510,10176191,173993510,29610760.0000001,0.205085164259582,0.230772921140988,0.234774705142854,0.131974482980349,-0.0208712398852521,0.226594346851372
2012,Allegiant,762573320,869236490,6973955,106663170,42258680.0000001,0.656144936478811,0.166700723090537,0.12038739902956,0.122709033993729,0.419511365426909,0.13432686521039
2012,sub_Other,7825413660,8800194960,45160080,974781299.999997,270105069.999996,0.38330379045139,0.131574379448682,0.106492235923223,0.110768148254752,0.222459447275003,0.103617123151405
2013,American,24271912000,25760245000,87001722,1488333000,1447171000,35.1579369321219,0.0376707140407718,-0.0206582860933336,0.0577763526705588,33.845289977704,0.00620856562846387
2013,Continental,0,0,0,0,0,0,0,0,0,0,0
2013,Delta,33980512000,37818194000,120718462,3837682000,1189205000,0.449014660123537,0.0244122709213896,-0.00840358008187708,0.101477135581884,0.414483896039478,0.0325730569500122
2013,Northwest,0,0,0,0,0,0,0,0,0,0,0
2013,United,37028056470,38287133730,90331500,1259077260,1210259280,24.7912609247658,0.0303272728546817,-0.00224440101884303,0.0328851271259683,24.032105433167,-0.024150486222207
2013,US_Airways,13933009520,14935550740,57045485,1002541220,180563840.000004,0.21967008386533,0.0576816143919163,0.0476695563478197,0.0671244895787487,0.153154283169179,0.0510104685611532
2013,America_West,0,0,0,0,0,0,0,0,0,0,0
2013,sub_Network,109213489990,116801123470,355097169,7587633480.00002,4027199120.00003,1.13109770123667,0.0334258296000204,-0.00227752226146065,0.0649619905578124,1.06216802425143,0.0139286988518755
2013,Southwest,16421183000,17699434000,133245919,1278251000,655028000,1.05103309730225,0.0358050030630377,-0.0026242091340286,0.0722198800255421,0.980134379769381,-0.00614785558215514
2013,jetBlue,5027297490,5441827630,30459433,414530140,54829689.9999991,0.152431530180179,0.0922947746397143,0.0876150360676328,0.0761748015895902,0.0550554272863754,0.0515288049687767
2013,AirTran,0,0,0,0,0,0,0,0,0,0,0
2013,Frontier,1326037010,1348551480,10672790,22514470,-6876309.99999976,-0.233961466827346,-0.0592368839066102,-0.0555794633523531,0.0166952988698659,-0.185726438390034,-0.00272520301197305
2013,Virgin_America,1337682900,1424678100,6329378,86995200.0000002,114993980,4.10710680965386,0.0689062990002637,-0.0170138797033588,0.0610630569810824,3.90680933638421,0.0175716361249958
2013,sub_LCC,24112200400,25914491210,180707520,1802290810,817975360,0.831009367982591,0.0434275162747165,0.0109253545760289,0.0695476054457332,0.754802647451477,0.00415935280194133
2013,Alaska,4293788000,5150814000,19737293,857026000,295585000,0.526475622549832,0.107701697268452,0.050195667912419,0.166386516771912,0.378056588984254,0.0653989343469866
2013,Hawaiian,2018348900,2155554200,9932664,137205300,4521680,0.0340786601993524,0.0983324130773916,0.102991402187307,0.0636519833275359,-0.0585011897245281,0.0472849381982927
2013,Spirit,1372094790,1654384850,12098255,282290060,108296550,0.622417180962668,0.254854765728173,0.198970625501357,0.1706314343969,0.292912315650492,0.18887853028702
2013,Allegiant,826248740,957823950,7241764,131575210,24912040,0.233558031324214,0.101914106252028,0.0835007183309272,0.137368887048606,0.119468408948816,0.038401308869931
2013,sub_Other,8510480430,9918577000,49009976,1408096570,433315270.000002,0.444525628466614,0.127086052648088,0.0875438411009189,0.141965583369469,0.2816462638968,0.0852499818423705
2014,American,24802772000,27140391000,88020842,2337619000,849286000,0.570629019177832,0.0535765867133639,0.0218713713200674,0.0861306309109548,0.490759228123524,0.011713791136226
2014,Continental,0,0,0,0,0,0,0,0,0,0,0
2014,Delta,37501946000,40426454000,129518665,2924508000,-913174000.000004,-0.237949366310185,0.0689683912457586,0.103630987078712,0.0723414425613486,-0.287115839971906,0.0728985679091902
2014,Northwest,0,0,0,0,0,0,0,0,0,0,0
2014,United,36524653170,38900518570,90595277,2375865400,1116788140,0.886989365529483,0.0160206518546304,-0.0135951855968419,0.0610754171753449,0.857235246237366,0.00292009985442509
2014,US_Airways,13822044280,15750071910,57553597,1928027630,925486409.999998,0.9231405068811,0.0545357304982782,-0.00796419752966609,0.122413893791549,0.823684538382021,0.00890713787427699
2014,America_West,0,0,0,0,0,0,0,0,0,0,0
2014,sub_Network,112651415450,122217435480,365688381,9566020030,1978386549.99998,0.260738286214634,0.0463720882906675,0.0314789451405207,0.0782705020149552,0.204866127759725,0.0298262360970836
2014,Southwest,16379823000,18605116000,135856371,2225293000,947042000.000002,0.740888917747768,0.0511701108634321,-0.00251869795251669,0.119606510381338,0.656143853175011,0.0195912341600496
2014,jetBlue,5308982250,5816877270,32101740,507895020.000001,93364880.000001,0.22523061893642,0.0689197941390878,0.0560310505913584,0.0873140340470001,0.146232510291594,0.0539178454175427
2014,AirTran,0,0,0,0,0,0,0,0,0,0,0
2014,Frontier,1364674160,1574869290,12170028,210195130,187680660,8.33600169135671,0.16782289245643,0.0291373089202088,0.133468301994764,6.99436434382539,0.140285529838027
2014,Virgin_America,1393551980,1489966730,6499659,96414750.0000002,9419550,0.108276663540057,0.0458269345194539,0.0417655634231401,0.0647093307915676,0.059713253655394,0.0269032754877335
2014,sub_LCC,24447031390,27486829290,186627798,3039797900,1237507090,0.686630083854223,0.0606740864506441,0.0138863722283927,0.110591071379263,0.590149231889155,0.0327616581755978
2014,Alaska,4405029000,5363353000,20972229,958324000,101298000,0.11819711420657,0.0412631867506767,0.0259074271948219,0.178680016027287,0.0738851890999532,0.0625686612647439
2014,Hawaiian,2062359680,2311200890,10074185,248841210,111635910,0.81364138265796,0.0722072727282851,0.0218053380166334,0.107667494884013,0.691502593563891,0.0142480406062261
2014,Spirit,1576317090,1931581080,13978786,355263990,72973930.0000007,0.258506905981744,0.167552447062121,0.148839789705782,0.183923933444202,0.0779018185850995,0.155438201624945
2014,Allegiant,961479840,1099662420,8187645,138182580,6607370,0.0502174383761196,0.148084071190744,0.163668751857945,0.125659090905371,-0.085243437541226,0.130614723153088
2014,sub_Other,9005185610,10705797390,53212845,1700611780,292515210.000003,0.207738031774343,0.0793682793408772,0.0581289369112617,0.158849613723168,0.118930447457522,0.0857553776398503
2015,American,34895439890,41084425510,146814345,6188985619.99999,3851366619.99999,1.64755959803543,0.513774267658855,0.406916932107427,0.1506406757104,0.7489791276014,0.667949790800683
2015,Continental,0,0,0,0,0,0,0,0,0,0,0
2015,Delta,32971114000,40815767000,138854392,7844653000,4920145000,1.6823838402904,0.00963015455176949,-0.120815917126007,0.192196633227547,1.65679846050286,0.0720801669782498
2015,Northwest,0,0,0,0,0,0,0,0,0,0,0
2015,United,32696838570,37864132220,95555189,5167293650.00001,2791428250.00001,1.17491009802155,-0.0266419674620803,-0.104800847312194,0.136469353634642,1.23443997513507,0.0547480195904694
2015,US_Airways,0,0,0,0,-1928027630,-1,-1,-1,0,-1,-1
2015,America_West,0,0,0,0,0,0,0,0,0,0,0
2015,sub_Network,100563392460,119764324730,381223926,19200932270,9634912240,1.00720176309311,-0.0200716922292273,-0.107304670267239,0.160322636254887,1.04831490954606,0.0424830150674106
2015,Southwest,15703642000,19820110000,144678301,4116468000,1891175000,0.849854378726755,0.0653042958721676,-0.0412813374112772,0.207691481026089,0.736456321348328,0.0649357106704992
2015,jetBlue,5217766540,6416126920,35130790,1198360380,690465359.999999,1.35946471772847,0.103019132463147,-0.017181392911984,0.186773172498277,1.13909681916357,0.0943578136263019
2015,AirTran,0,0,0,0,0,0,0,0,0,0,0
2015,Frontier,1328108960,1604012260,13104187,275903300,65708170,0.312605577493636,0.0185050087553615,-0.0267940883412052,0.172008223927166,0.288757115782546,0.0767589852710281
2015,Virgin_America,1352345600,1529584260,6993269,177238660,80823909.9999995,0.838294036960105,0.0265895400228162,-0.0295693168187383,0.115873747288691,0.790680661834182,0.0759439841382448
2015,sub_LCC,23601863100,29369833440,199906547,5767970340,2728172440,0.897484809763176,0.0685056879472476,-0.0345714077311534,0.196390978920036,0.775830331243736,0.0711509707680312
2015,Alaska,4302903000,5594087000,22868774,1291184000,332860000,0.347335556659334,0.0430204761834621,-0.0231839563371773,0.230812284471085,0.2917632850214,0.0904312555427466
2015,Hawaiian,1882133270,2313156730,10459770,431023460,182182250,0.732122504950044,0.000846244049343336,-0.0873884471985025,0.18633560554282,0.730657945961825,0.0382745601753392
2015,Spirit,1632340840,2141462720,17629033,509121880,153857890,0.433080453777484,0.108657949786918,0.035540913915994,0.237744918576028,0.292626327221051,0.261127611510756
2015,Allegiant,866380380,1221507480,9560098,355127100,216944520,1.56998458126922,0.110802240563972,-0.0989094685542237,0.290728551248822,1.31362927388803,0.167624878704438
2015,sub_Other,8683757490,11270213930,60517675,2586456440,885844659.999996,0.520897638378111,0.0527206446599862,-0.0356936696166553,0.229494884131272,0.444730514304048,0.137275689732432
2016,American,35117350760,40421537150,144530418,5304186390,-884799229.999992,-0.142963529781152,-0.0161347846969077,0.00635930857153611,0.131221788283724,-0.128908658535279,-0.0155565656748324
2016,Continental,0,0,0,0,0,0,0,0,0,0,0
2016,Delta,32873182000,39849613000,143304739,6976431000,-868222000,-0.110676915855934,-0.02367109749524,-0.00297023631048681,0.175068977457824,-0.0891152747168312,0.0320504590160893
2016,Northwest,0,0,0,0,0,0,0,0,0,0,0
2016,United,32215183720,36555880230,100331924,4340696510,-826597140.000012,-0.159967130956455,-0.0345512207278046,-0.0147309302998461,0.118741403098201,-0.129904261024801,0.0499892789705015
2016,US_Airways,0,0,0,0,0,0,0,0,0,0,0
2016,America_West,0,0,0,0,0,0,0,0,0,0,0
2016,sub_Network,100205716480,116827030380,388167081,16621313900,-2579618370,-0.134348600043262,-0.0245256202681551,-0.00355672149925003,0.142272844271881,-0.112584176537058,0.0182127996866598
2016,Southwest,16665125000,20425210000,151827582,3760085000,-356383000,-0.0865749472606127,0.0305295984734696,0.0612267523673808,0.184090396133014,-0.113635305485209,0.0494150190497468
2016,jetBlue,5324317550,6632432590,38309040,1308115040,109754660.000001,0.0915873570519754,0.0337128103444688,0.0204208082487339,0.197230054320085,0.0559870653902613,0.0904690728560331
2016,AirTran,0,0,0,0,0,0,0,0,0,0,0
2016,Frontier,1393252310,1713577380,14865971,320325070,44421769.9999998,0.161004852062298,0.0683069093249947,0.0490497029701539,0.186933530833606,0.0867708913311006,0.134444357364558
2016,Virgin_America,1459253000,1664991490,8032369,205738490,28499830,0.160799173272919,0.0885255121545249,0.0790533129992807,0.123567292226821,0.0663959276207893,0.148585732938344
2016,sub_LCC,24841947860,30436211460,213034962,5594263600,-173706739.999996,-0.0301157477865943,0.0363086165326241,0.0525418164975288,0.183802889112928,-0.0640970877396225,0.0656727615829409
2016,Alaska,4390094000,5827853000,24421480,1437759000,146575000,0.11351983915538,0.0417880522773421,0.0202632966627414,0.246704747014038,0.0688544917761655,0.0678963375999081
2016,Hawaiian,2036177400,2441524610,10828305,405347210,-25676250.0000005,-0.0595704233825242,0.0554946745869656,0.0818454954573966,0.166022168418773,-0.109015327826753,0.035233566321248
2016,Spirit,1878295710,2321956740,20997732,443661030,-65460850.0000002,-0.128575990487779,0.0842853897545318,0.150676172508188,0.191072048138158,-0.196314902196091,0.191088132854479
2016,Allegiant,968981150,1317314580,11199126,348333430,-6793669.99999988,-0.0191302494233751,0.0784334943245704,0.118424623143013,0.264426914640237,-0.0904680207554664,0.171444686027277
2016,sub_Other,9273548260,11908648930,67446643,2635100670,48644230.0000019,0.0188072875489842,0.0566479930164025,0.0679188439657819,0.221276207358982,-0.0358120260649858,0.114494947137345
2017,American,38163230080,42195316280,144921849,4032086199.99999,-1272100190.00001,-0.239829466098383,0.0438820305971465,0.086734313781704,0.0955576721654092,-0.271785018210567,0.00270829494176098
2017,Continental,0,0,0,0,0,0,0,0,0,0,0
2017,Delta,35326128000,41475860000,145896522,6149732000,-826699000,-0.118498842746384,0.0408096058548925,0.0746184534250442,0.148272561436942,-0.153062046800025,0.0180858150127192
2017,Northwest,0,0,0,0,0,0,0,0,0,0,0
2017,United,34236697930,37736310790,107416278,3499612860,-841083650,-0.193766979115524,0.0322911266962533,0.062750354850374,0.0927386060464444,-0.218986776080557,0.0706091712145379
2017,US_Airways,0,0,0,0,0,0,0,0,0,0,0
2017,America_West,0,0,0,0,0,0,0,0,0,0,0
2017,sub_Network,107726056010,121407487070,398234649,13681431060,-2939882839.99998,-0.176874274662485,0.0392071652861609,0.0750490071242689,0.112690175788843,-0.207929128249558,0.0259361715425837
2017,Southwest,17655802000,21170660000,157766132,3514858000,-245227000,-0.065218472454745,0.0364965647844012,0.0594461187659859,0.166024960960121,-0.0981335015425775,0.0391137757828482
2017,jetBlue,6021963870,7015326140,40016788,993362270.000001,-314752770,-0.240615511920114,0.0577304849773075,0.131030186206681,0.141598872265688,-0.282062397874277,0.044578198775015
2017,AirTran,0,0,0,0,0,0,0,0,0,0,0
2017,Frontier,1673084930,1914740190,16799968,241655260,-78669810.0000002,-0.245593671453815,0.117393478898513,0.200848488096173,0.126207859041179,-0.324851681352345,0.130095571960957
2017,Virgin_America,1551658750,1640516690,8398287,88857940,-116880550,-0.568102497495728,-0.014699654711148,0.0633240089278556,0.0541646059083983,-0.561659036689309,0.0455554270477365
2017,sub_LCC,26902509550,31741243020,222981175,4838733470,-755530130,-0.135054438621734,0.0428775953838771,0.0829468647793871,0.152443099564536,-0.170616412504399,0.0466881722447043
2017,Alaska,4997077000,6287852000,26110618,1290775000,-146984000,-0.102231319713526,0.0789311260939492,0.138261959766693,0.20528075406355,-0.167909184771912,0.0691660783867317
2017,Hawaiian,2189079390,2687918550,11299773,498839160,93491950.0000002,0.230646585676512,0.10091806529036,0.0750926662873288,0.185585668137154,0.117836671480123,0.043540332489711
2017,Spirit,2258863500,2647665680,23812748,388802180,-54858849.9999995,-0.123650368841274,0.140273474690144,0.202613352079689,0.146847157833009,-0.231456619301906,0.134062859741233
2017,Allegiant,1245431160,1443615900,12397076,198184740,-150148690,-0.431048751192211,0.0958778729982629,0.285299677914271,0.137283566910007,-0.480826045651265,0.106968168766027
2017,sub_Other,10690451050,13067052130,73620215,2376601080,-258499590,-0.0980985633463484,0.097274107819383,0.152789714387058,0.181877370378257,-0.178052748874204,0.0915326801365041
2018,American,41806469110,44529813950,148227868,2723344840.00001,-1308741359.99998,-0.324581691730694,0.0553259905556517,0.0954646402404311,0.0611577861757495,-0.359990832867024,0.0228124263029517
2018,Continental,0,0,0,0,0,0,0,0,0,0,0
2018,Delta,39034093000,44537997000,152267103,5503904000,-645828000,-0.105017259288697,0.0738293793064207,0.104963810355893,0.123577717246692,-0.166550331031764,0.0436650642021473
2018,Northwest,0,0,0,0,0,0,0,0,0,0,0
2018,United,38008934300,41303230300,113325432,3294295999.99999,-205316860.000008,-0.0586684494010025,0.0945222104473767,0.110181080480152,0.0797587979456414,-0.139961216306212,0.0550117180563639
2018,US_Airways,0,0,0,0,0,0,0,0,0,0,0
2018,America_West,0,0,0,0,0,0,0,0,0,0,0
2018,sub_Network,118849496410,130371041250,413820403,11521544840,-2159886220.00003,-0.157869904875289,0.0738303246061906,0.103256731119604,0.0883750312149937,-0.215769869943328,0.0391371118488488
2018,Southwest,18759381000,21965049000,163684092,3205668000,-309190000,-0.0879665693464715,0.0375231098132982,0.0625051753525555,0.145944040461735,-0.120951213493791,0.0375109659150419
2018,jetBlue,7008071560,7658451020,42236283,650379459.999999,-342982810.000002,-0.345274649901895,0.0916742667647378,0.163751844296602,0.0849231075972853,-0.400255763068928,0.0554640967186072
2018,AirTran,0,0,0,0,0,0,0,0,0,0,0
2018,Frontier,2035968850,2155857860,19432848,119889010,-121766250,-0.503884128158435,0.125927095101085,0.216895098086862,0.0556108137852835,-0.559371229273931,0.156719346132088
2018,Virgin_America,0,0,0,0,-88857940,-1,-1,-1,0,-1,-1
2018,sub_LCC,27803421410,31779357880,225353223,3975936470,-862797000,-0.178310503223481,0.0012007992244029,0.0334880230532248,0.125110660983563,-0.179296003945408,0.0106378845658158
2018,Alaska,7572527000,8259807000,35601050,687280000,-603495000,-0.467544692142318,0.313613456550822,0.515391297752666,0.0832077553385933,-0.594663631677648,0.363470217365211
2018,Hawaiian,2497891100,2827215520,11630320,329324420,-169514740,-0.339818429651754,0.0518233597517304,0.141069214488379,0.116483663049501,-0.372345589943854,0.0292525345420656
2018,Spirit,2972120660,3323035420,28683265,350914759.999999,-37887420.000001,-0.0974465215189918,0.25508120043313,0.31575930108216,0.105600667957972,-0.280880409833614,0.204534016821578
2018,Allegiant,1380975290,1596807790,13847439,215832500,17647759.9999995,0.0890470174444283,0.106116793255048,0.108833096804805,0.135164984384251,-0.0154321640487773,0.116992345614401
2018,sub_Other,14423514050,16006865730,89762074,1583351680,-793249399.999998,-0.333774736818683,0.224979097867883,0.349196023866551,0.098917033897054,-0.456133362323566,0.219258514797872
